Competencia;Resultado de Aprendizaje;;;
2 - RESULTADOS DE APRENDIZAJE ETAPA PRACTICA;590803 - APLICAR EN LA RESOLUCIÓN DE PROBLEMAS REALES DEL SECTOR PRODUCTIVO, LOS CONOCIMIENTOS, HABILIDADES Y DESTREZAS PERTINENTES A LAS COMPETENCIAS DEL PROGRAMA DE FORMACIÓN ASUMIENDO ESTRATEGIAS Y METODOLOGÍAS DE AUTOGESTIÓN;;;
36180 - Enrique Low Murtra-Interactuar en el contexto productivo y social de acuerdo con principios  éticos para la construcción de una cultura de paz.;593147 - 02  ESTABLECER RELACIONES DE CRECIMIENTO PERSONAL Y COMUNITARIO A PARTIR DEL BIEN COMÚN COMO APORTE PARA EL DESARROLLO SOCIAL.;;;
36180 - Enrique Low Murtra-Interactuar en el contexto productivo y social de acuerdo con principios  éticos para la construcción de una cultura de paz.;593148 - 03  PROMOVER EL USO RACIONAL DE LOS RECURSOS NATURALES A PARTIR DE CRITERIOS DE SOSTENIBILIDAD Y SUSTENTABILIDAD ÉTICA Y NORMATIVA VIGENTE.;;;
36180 - Enrique Low Murtra-Interactuar en el contexto productivo y social de acuerdo con principios  éticos para la construcción de una cultura de paz.;593149 - 01  PROMOVER MI DIGNIDAD Y LA DEL OTRO A PARTIR DE LOS PRINCIPIOS Y VALORES ÉTICOS COMO APORTE EN LA INSTAURACIÓN DE UNA CULTURA DE PAZ.;;;
36180 - Enrique Low Murtra-Interactuar en el contexto productivo y social de acuerdo con principios  éticos para la construcción de una cultura de paz.;593150 - 04  CONTRIBUIR CON EL FORTALECIMIENTO DE LA CULTURA DE PAZ A PARTIR DE LA DIGNIDAD HUMANA Y LAS ESTRATEGIAS PARA LA TRANSFORMACIÓN DE CONFLICTOS.;;;
36182 - Resultado de Aprendizaje de la Inducción.;593343 - 01  IDENTIFICAR LA DINÁMICA ORGANIZACIONAL DEL SENA Y EL ROL DE LA FORMACIÓN PROFESIONAL INTEGRAL DE ACUERDO CON SU PROYECTO DE VIDA Y EL DESARROLLO PROFESIONAL.;;;
37371 - Utilizar herramientas informáticas de acuerdo con las necesidades de manejo de información;593151 - 02  APLICAR FUNCIONALIDADES DE HERRAMIENTAS Y SERVICIOS TIC, DE ACUERDO CON MANUALES DE USO, PROCEDIMIENTOS ESTABLECIDOS Y BUENAS PRÁCTICAS.;;;
37371 - Utilizar herramientas informáticas de acuerdo con las necesidades de manejo de información;593152 - 04  OPTIMIZAR LOS RESULTADOS, DE ACUERDO CON LA VERIFICACIÓN.;;;
37371 - Utilizar herramientas informáticas de acuerdo con las necesidades de manejo de información;593153 - 03  EVALUAR LOS RESULTADOS, DE ACUERDO CON LOS REQUERIMIENTOS.;;;
37371 - Utilizar herramientas informáticas de acuerdo con las necesidades de manejo de información;593154 - 01  ALISTAR HERRAMIENTAS DE TECNOLOGÍAS DE LA INFORMACIÓN Y LA COMUNICACIÓN (TIC), DE ACUERDO CON LAS NECESIDADES DE PROCESAMIENTO DE INFORMACIÓN Y COMUNICACIÓN.;;;
38367 - Estructurar propuesta técnica de servicio de tecnología de la información según requisitos técnicos y normativa;593060 - 01  DEFINIR ESPECIFICACIONES TÉCNICAS DEL SOFTWARE DE ACUERDO CON LAS CARACTERÍSTICAS DEL SOFTWARE A CONSTRUIR.;;;
38367 - Estructurar propuesta técnica de servicio de tecnología de la información según requisitos técnicos y normativa;593061 - 03  VALIDAR LAS CONDICIONES DE LA PROPUESTA TÉCNICA DEL SOFTWARE DE ACUERDO CON LOS INTERESES DE LAS PARTES.;;;
38367 - Estructurar propuesta técnica de servicio de tecnología de la información según requisitos técnicos y normativa;593062 - 02  ELABORAR PROPUESTA TÉCNICA DEL SOFTWARE DE ACUERDO CON LAS ESPECIFICACIONES TÉCNICAS DEFINIDAS.;;;
38369 - Controlar la calidad del servicio de software de acuerdo con los estándares técnicos;593144 - 02  VERIFICAR LA CALIDAD DEL SOFTWARE DE ACUERDO CON LAS PRÁCTICAS ASOCIADAS EN LOS PROCESOS DE DESARROLLO.;;;
38369 - Controlar la calidad del servicio de software de acuerdo con los estándares técnicos;593145 - 03  REALIZAR ACTIVIDADES DE MEJORA DE LA CALIDAD DEL SOFTWARE A PARTIR DE LOS RESULTADOS DE LA VERIFICACIÓN.;;;
38369 - Controlar la calidad del servicio de software de acuerdo con los estándares técnicos;593146 - 01  INCORPORAR ACTIVIDADES DE ASEGURAMIENTO DE LA CALIDAD DEL SOFTWARE DE ACUERDO CON ESTÁNDARES DE LA INDUSTRIA.;;;
38376 - Evaluar requisitos de la solución de software de acuerdo con metodologías de análisis y estándares;592373 - 02  MODELAR LAS FUNCIONES DEL SOFTWARE DE ACUERDO CON EL INFORME DE REQUISITOS.;;;
38376 - Evaluar requisitos de la solución de software de acuerdo con metodologías de análisis y estándares;592374 - 04  VERIFICAR LOS MODELOS REALIZADOS EN LA FASE DE ANÁLISIS DE ACUERDO CON LO ESTABLECIDO EN EL INFORME DE REQUISITOS.;;;
38376 - Evaluar requisitos de la solución de software de acuerdo con metodologías de análisis y estándares;592375 - 01 PLANEAR ACTIVIDADES DE ANÁLISIS DE ACUERDO CON LA METODOLOGÍA SELECCIONADA.;;;
38376 - Evaluar requisitos de la solución de software de acuerdo con metodologías de análisis y estándares;592376 - 03  DESARROLLAR PROCESOS LÓGICOS A TRAVÉS DE LA IMPLEMENTACIÓN DE ALGORITMOS.;;;
38392 - Establecer requisitos de la solución de software de acuerdo con estándares y procedimiento técnico;593344 - 02  RECOLECTAR INFORMACIÓN DEL SOFTWARE A CONSTRUIR DE ACUERDO CON LAS NECESIDADES DEL CLIENTE.;;;
38392 - Establecer requisitos de la solución de software de acuerdo con estándares y procedimiento técnico;593345 - 04  VALIDAR EL INFORME DE REQUISITOS DE ACUERDO CON LAS NECESIDADES DEL CLIENTE.;;;
38392 - Establecer requisitos de la solución de software de acuerdo con estándares y procedimiento técnico;593346 - 01  CARACTERIZAR LOS PROCESOS DE LA ORGANIZACIÓN DE ACUERDO CON EL SOFTWARE A CONSTRUIR.;;;
38392 - Establecer requisitos de la solución de software de acuerdo con estándares y procedimiento técnico;593347 - 03  ESTABLECER LOS REQUISITOS DEL SOFTWARE DE ACUERDO CON LA INFORMACIÓN RECOLECTADA.;;;
38561 - Gestionar procesos propios de la cultura emprendedora y empresarial de acuerdo con el perfil personal y los requerimientos de los contextos productivo y social.;593259 - 02  CARACTERIZAR LA IDEA DE NEGOCIO TENIENDO EN CUENTA LAS OPORTUNIDADES Y NECESIDADES DEL SECTOR PRODUCTIVO Y SOCIAL.;;;
38561 - Gestionar procesos propios de la cultura emprendedora y empresarial de acuerdo con el perfil personal y los requerimientos de los contextos productivo y social.;593340 - 03  ESTRUCTURAR EL PLAN DE NEGOCIO DE ACUERDO CON LAS CARACTERÍSTICAS EMPRESARIALES Y TENDENCIAS DE MERCADO.;;;
38561 - Gestionar procesos propios de la cultura emprendedora y empresarial de acuerdo con el perfil personal y los requerimientos de los contextos productivo y social.;593341 - 04  VALORAR LA PROPUESTA DE NEGOCIO CONFORME CON SU ESTRUCTURA Y NECESIDADES DEL SECTOR PRODUCTIVO Y SOCIAL.;;;
38561 - Gestionar procesos propios de la cultura emprendedora y empresarial de acuerdo con el perfil personal y los requerimientos de los contextos productivo y social.;593342 - 01  INTEGRAR ELEMENTOS DE LA CULTURA EMPRENDEDORA TENIENDO EN CUENTA EL PERFIL PERSONAL Y EL CONTEXTO DE DESARROLLO SOCIAL.;;;
37714 - INTERACTUAR EN LENGUA INGLESA DE FORMA ORAL Y ESCRITA DENTRO DE CONTEXTOS SOCIALES Y LABORALES SEGÚN LOS CRITERIOS ESTABLECIDOS POR EL MARCO COMÚN EUROPEO DE REFERENCIA PARA LAS LENGUAS.;593113 - 06  EXPLICAR LAS FUNCIONES DE SU OCUPACIÓN LABORAL USANDO EXPRESIONES DE ACUERDO AL NIVEL REQUERIDO POR EL PROGRAMA DE FORMACIÓN.;;;
37714 - INTERACTUAR EN LENGUA INGLESA DE FORMA ORAL Y ESCRITA DENTRO DE CONTEXTOS SOCIALES Y LABORALES SEGÚN LOS CRITERIOS ESTABLECIDOS POR EL MARCO COMÚN EUROPEO DE REFERENCIA PARA LAS LENGUAS.;593114 - 04  IMPLEMENTAR ACCIONES DE MEJORA RELACIONADAS CON EL USO DE EXPRESIONES, ESTRUCTURAS Y DESEMPEÑO SEGÚN LOS RESULTADOS DE APRENDIZAJE FORMULADOS PARA EL PROGRAMA.;;;
37714 - INTERACTUAR EN LENGUA INGLESA DE FORMA ORAL Y ESCRITA DENTRO DE CONTEXTOS SOCIALES Y LABORALES SEGÚN LOS CRITERIOS ESTABLECIDOS POR EL MARCO COMÚN EUROPEO DE REFERENCIA PARA LAS LENGUAS.;593115 - 02  INTERCAMBIAR OPINIONES SOBRE SITUACIONES COTIDIANAS Y LABORALES ACTUALES, PASADAS Y FUTURAS EN CONTEXTOS SOCIALES ORALES Y ESCRITOS.;;;
37714 - INTERACTUAR EN LENGUA INGLESA DE FORMA ORAL Y ESCRITA DENTRO DE CONTEXTOS SOCIALES Y LABORALES SEGÚN LOS CRITERIOS ESTABLECIDOS POR EL MARCO COMÚN EUROPEO DE REFERENCIA PARA LAS LENGUAS.;593116 - 05  PRESENTAR UN PROCESO PARA LA REALIZACIÓN DE UNA ACTIVIDAD EN SU QUEHACER LABORAL DE ACUERDO CON LOS PROCEDIMIENTOS ESTABLECIDOS DESDE SU PROGRAMA DE FORMACIÓN.;;;
37714 - INTERACTUAR EN LENGUA INGLESA DE FORMA ORAL Y ESCRITA DENTRO DE CONTEXTOS SOCIALES Y LABORALES SEGÚN LOS CRITERIOS ESTABLECIDOS POR EL MARCO COMÚN EUROPEO DE REFERENCIA PARA LAS LENGUAS.;593117 - 01  COMPRENDER INFORMACIÓN SOBRE SITUACIONES COTIDIANAS Y LABORALES ACTUALES Y FUTURAS A TRAVÉS DE INTERACCIONES SOCIALES DE FORMA ORAL Y ESCRITA.;;;
37714 - INTERACTUAR EN LENGUA INGLESA DE FORMA ORAL Y ESCRITA DENTRO DE CONTEXTOS SOCIALES Y LABORALES SEGÚN LOS CRITERIOS ESTABLECIDOS POR EL MARCO COMÚN EUROPEO DE REFERENCIA PARA LAS LENGUAS.;593118 - 03  DISCUTIR SOBRE POSIBLES SOLUCIONES A PROBLEMAS DENTRO DE UN RANGO VARIADO DE CONTEXTOS SOCIALES Y LABORALES.;;;
37799 - APLICAR PRÁCTICAS  DE PROTECCIÓN AMBIENTAL, SEGURIDAD Y SALUD EN EL TRABAJO DE ACUERDO CON LAS POLÍTICAS ORGANIZACIONALES  Y LA NORMATIVIDAD VIGENTE.;593155 - 04  PROPONER ACCIONES DE MEJORA PARA EL MANEJO AMBIENTAL Y EL CONTROL DE LA SST, DE ACUERDO CON ESTRATEGIAS DE TRABAJO, COLABORATIVO, COOPERATIVO Y COORDINADO EN EL CONTEXTO PRODUCTIVO Y SOCIAL.;;;
37799 - APLICAR PRÁCTICAS  DE PROTECCIÓN AMBIENTAL, SEGURIDAD Y SALUD EN EL TRABAJO DE ACUERDO CON LAS POLÍTICAS ORGANIZACIONALES  Y LA NORMATIVIDAD VIGENTE.;593156 - 01  ANALIZAR LAS ESTRATEGIAS PARA LA PREVENCIÓN Y CONTROL DE LOS IMPACTOS AMBIENTALES Y DE LOS ACCIDENTES Y ENFERMEDADES LABORALES (ATEL) DE ACUERDO CON LAS POLÍTICAS ORGANIZACIONALES Y EL ENTORNO SOCIAL.;;;
37799 - APLICAR PRÁCTICAS  DE PROTECCIÓN AMBIENTAL, SEGURIDAD Y SALUD EN EL TRABAJO DE ACUERDO CON LAS POLÍTICAS ORGANIZACIONALES  Y LA NORMATIVIDAD VIGENTE.;593157 - 03  REALIZAR SEGUIMIENTO Y ACOMPAÑAMIENTO AL DESARROLLO DE LOS PLANES Y PROGRAMAS AMBIENTALES Y SST, SEGÚN EL  ÁREA DE DESEMPEÑO.;;;
37799 - APLICAR PRÁCTICAS  DE PROTECCIÓN AMBIENTAL, SEGURIDAD Y SALUD EN EL TRABAJO DE ACUERDO CON LAS POLÍTICAS ORGANIZACIONALES  Y LA NORMATIVIDAD VIGENTE.;593158 - 02  IMPLEMENTAR ESTRATEGIAS PARA EL CONTROL DE LOS IMPACTOS AMBIENTALES Y DE LOS ACCIDENTES Y ENFERMEDADES   DE ACUERDO  CON LOS PLANES Y PROGRAMAS  ESTABLECIDOS POR LA ORGANIZACIÓN.;;;
37800 - GENERAR HÁBITOS SALUDABLES DE VIDA MEDIANTE LA APLICACIÓN DE PROGRAMAS DE ACTIVIDAD FÍSICA EN LOS CONTEXTOS PRODUCTIVOS Y SOCIALES.;593119 - 02  PRACTICAR HÁBITOS SALUDABLES MEDIANTE LA APLICACIÓN DE  FUNDAMENTOS DE NUTRICIÓN E HIGIENE.;;;
37800 - GENERAR HÁBITOS SALUDABLES DE VIDA MEDIANTE LA APLICACIÓN DE PROGRAMAS DE ACTIVIDAD FÍSICA EN LOS CONTEXTOS PRODUCTIVOS Y SOCIALES.;593120 - 01  DESARROLLAR HABILIDADES PSICOMOTRICES EN EL CONTEXTO PRODUCTIVO Y SOCIAL.;;;
37800 - GENERAR HÁBITOS SALUDABLES DE VIDA MEDIANTE LA APLICACIÓN DE PROGRAMAS DE ACTIVIDAD FÍSICA EN LOS CONTEXTOS PRODUCTIVOS Y SOCIALES.;593121 - 03  EJECUTAR ACTIVIDADES DE ACONDICIONAMIENTO FÍSICO ORIENTADAS HACIA EL MEJORAMIENTO DE LA CONDICIÓN FÍSICA EN LOS CONTEXTOS PRODUCTIVO Y SOCIAL.;;;
37800 - GENERAR HÁBITOS SALUDABLES DE VIDA MEDIANTE LA APLICACIÓN DE PROGRAMAS DE ACTIVIDAD FÍSICA EN LOS CONTEXTOS PRODUCTIVOS Y SOCIALES.;593122 - 04  IMPLEMENTAR UN PLAN DE ERGONOMÍA Y PAUSAS ACTIVAS SEGÚN LAS CARACTERÍSTICAS DE LA FUNCIÓN PRODUCTIVA.;;;
37801 - APLICACIÓN DE CONOCIMIENTOS DE LAS CIENCIAS NATURALES DE ACUERDO CON SITUACIONES DEL CONTEXTO PRODUCTIVO Y SOCIAL.;593159 - 02  SOLUCIONAR PROBLEMAS ASOCIADOS CON EL SECTOR PRODUCTIVO CON BASE EN LOS PRINCIPIOS Y LEYES DE LA FÍSICA.;;;
37801 - APLICACIÓN DE CONOCIMIENTOS DE LAS CIENCIAS NATURALES DE ACUERDO CON SITUACIONES DEL CONTEXTO PRODUCTIVO Y SOCIAL.;593160 - 04  PROPONER ACCIONES DE MEJORA EN LOS PROCESOS PRODUCTIVOS DE ACUERDO CON LOS PRINCIPIOS Y LEYES DE LA FÍSICA.;;;
37801 - APLICACIÓN DE CONOCIMIENTOS DE LAS CIENCIAS NATURALES DE ACUERDO CON SITUACIONES DEL CONTEXTO PRODUCTIVO Y SOCIAL.;593161 - 03  VERIFICAR LAS TRANSFORMACIONES FÍSICAS DE LA MATERIA UTILIZANDO HERRAMIENTAS TECNOLÓGICAS.;;;
37801 - APLICACIÓN DE CONOCIMIENTOS DE LAS CIENCIAS NATURALES DE ACUERDO CON SITUACIONES DEL CONTEXTO PRODUCTIVO Y SOCIAL.;593162 - 01  IDENTIFICAR LOS PRINCIPIOS Y LEYES DE LA FÍSICA EN LA SOLUCIÓN DE PROBLEMAS DE ACUERDO AL CONTEXTO PRODUCTIVO.;;;
37802 - DESARROLLAR PROCESOS DE COMUNICACIÓN EFICACES Y EFECTIVOS, TENIENDO EN CUENTA SITUACIONES  DE ORDEN SOCIAL, PERSONAL Y PRODUCTIVO.;593224 - 03  RELACIONAR LOS PROCESOS COMUNICATIVOS TENIENDO EN CUENTA CRITERIOS DE LÓGICA Y RACIONALIDAD.;;;
37802 - DESARROLLAR PROCESOS DE COMUNICACIÓN EFICACES Y EFECTIVOS, TENIENDO EN CUENTA SITUACIONES  DE ORDEN SOCIAL, PERSONAL Y PRODUCTIVO.;593225 - 01  ANALIZAR LOS COMPONENTES DE LA COMUNICACIÓN SEGÚN SUS CARACTERÍSTICAS, INTENCIONALIDAD Y CONTEXTO.;;;
37802 - DESARROLLAR PROCESOS DE COMUNICACIÓN EFICACES Y EFECTIVOS, TENIENDO EN CUENTA SITUACIONES  DE ORDEN SOCIAL, PERSONAL Y PRODUCTIVO.;593226 - 04  ESTABLECER PROCESOS DE ENRIQUECIMIENTO LEXICAL Y ACCIONES DE MEJORAMIENTO EN EL DESARROLLO DE PROCESOS COMUNICATIVOS SEGÚN REQUERIMIENTOS DEL CONTEXTO.;;;
37802 - DESARROLLAR PROCESOS DE COMUNICACIÓN EFICACES Y EFECTIVOS, TENIENDO EN CUENTA SITUACIONES  DE ORDEN SOCIAL, PERSONAL Y PRODUCTIVO.;593227 - 02  ARGUMENTAR EN FORMA ORAL Y ESCRITA ATENDIENDO LAS EXIGENCIAS Y PARTICULARIDADES DE LAS DIVERSAS SITUACIONES COMUNICATIVAS MEDIANTE LOS DISTINTOS SISTEMAS DE REPRESENTACIÓN.;;;
38199 - Orientar investigación formativa según referentes técnicos;593235 - 04  PROPONER SOLUCIONES A LAS NECESIDADES DEL CONTEXTO SEGÚN RESULTADOS DE LA INVESTIGACIÓN.;;;
38199 - Orientar investigación formativa según referentes técnicos;593236 - 01  ANALIZAR EL CONTEXTO PRODUCTIVO SEGÚN SUS CARACTERÍSTICAS Y NECESIDADES.;;;
38199 - Orientar investigación formativa según referentes técnicos;593237 - 03  ARGUMENTAR ASPECTOS TEÓRICOS DEL PROYECTO SEGÚN REFERENTES NACIONALES E INTERNACIONALES.;;;
38199 - Orientar investigación formativa según referentes técnicos;593238 - 02  ESTRUCTURAR EL PROYECTO DE ACUERDO A CRITERIOS DE LA INVESTIGACIÓN.;;;
38356 - Implementar la solución de software de acuerdo con los requisitos de operación y modelos de referencia;593109 - 03  DOCUMENTAR EL PROCESO DE IMPLANTACIÓN DE SOFTWARE SIGUIENDO ESTÁNDARES DE CALIDAD.;;;
38356 - Implementar la solución de software de acuerdo con los requisitos de operación y modelos de referencia;593110 - 02  DESPLEGAR EL SOFTWARE DE ACUERDO CON LA ARQUITECTURA Y LAS POLÍTICAS ESTABLECIDAS.;;;
38356 - Implementar la solución de software de acuerdo con los requisitos de operación y modelos de referencia;593111 - 01  PLANEAR ACTIVIDADES DE IMPLANTACIÓN DEL SOFTWARE DE ACUERDO CON LAS CONDICIONES DEL SISTEMA.;;;
38356 - Implementar la solución de software de acuerdo con los requisitos de operación y modelos de referencia;593112 - 04  IMPLANTAR EL SOFTWARE DE ACUERDO CON LOS NIVELES DE SERVICIO ESTABLECIDOS CON EL CLIENTE.;;;
38362 - Diseñar la solución de software de acuerdo con procedimientos y requisitos técnicos;593100 - 03  DETERMINAR LAS CARACTERÍSTICAS TÉCNICAS DE LA INTERFAZ GRÁFICA DEL SOFTWARE ADOPTANDO ESTÁNDARES.;;;
38362 - Diseñar la solución de software de acuerdo con procedimientos y requisitos técnicos;593101 - 02  ESTRUCTURAR EL MODELO DE DATOS DEL SOFTWARE DE ACUERDO CON LAS ESPECIFICACIONES DEL ANÁLISIS.;;;
38362 - Diseñar la solución de software de acuerdo con procedimientos y requisitos técnicos;593102 - 04  VERIFICAR LOS ENTREGABLES DE LA FASE DE DISEÑO DEL SOFTWARE DE ACUERDO CON LO ESTABLECIDO EN EL INFORME DE ANÁLISIS.;;;
38362 - Diseñar la solución de software de acuerdo con procedimientos y requisitos técnicos;593103 - 01  ELABORAR LOS ARTEFACTOS DE DISEÑO DEL SOFTWARE SIGUIENDO LAS PRÁCTICAS DE LA METODOLOGÍA SELECCIONADA.;;;
38368 - DESARROLLAR LA SOLUCIÓN DE SOFTWARE DE ACUERDO CON EL DISEÑO Y METODOLOGÍAS DE DESARROLLO;593104 - 03  CREAR COMPONENTES FRONT-END DEL SOFTWARE DE ACUERDO CON EL DISEÑO.;;;
38368 - DESARROLLAR LA SOLUCIÓN DE SOFTWARE DE ACUERDO CON EL DISEÑO Y METODOLOGÍAS DE DESARROLLO;593105 - 05  REALIZAR PRUEBAS AL SOFTWARE PARA VERIFICAR SU FUNCIONALIDAD.;;;
38368 - DESARROLLAR LA SOLUCIÓN DE SOFTWARE DE ACUERDO CON EL DISEÑO Y METODOLOGÍAS DE DESARROLLO;593106 - 01  PLANEAR ACTIVIDADES DE CONSTRUCCIÓN DEL SOFTWARE DE ACUERDO CON EL DISEÑO ESTABLECIDO.;;;
38368 - DESARROLLAR LA SOLUCIÓN DE SOFTWARE DE ACUERDO CON EL DISEÑO Y METODOLOGÍAS DE DESARROLLO;593107 - 02  CONSTRUIR LA BASE DE DATOS PARA EL SOFTWARE A PARTIR DEL MODELO DE DATOS.;;;
38368 - DESARROLLAR LA SOLUCIÓN DE SOFTWARE DE ACUERDO CON EL DISEÑO Y METODOLOGÍAS DE DESARROLLO;593108 - 04  CODIFICAR EL SOFTWARE DE ACUERDO CON EL DISEÑO ESTABLECIDO.;;;
38558 - Ejercer derechos fundamentales del trabajo en el marco de la constitución política y los convenios internacionales.;593243 - 01- Reconocer el trabajo como factor de movilidad social y transformación vital con referencia a la fenomenología y a los derechos fundamentales en el trabajo. ;;;
38558 - Ejercer derechos fundamentales del trabajo en el marco de la constitución política y los convenios internacionales.;593244 - 03- Practicar los derechos fundamentales en el trabajo de acuerdo con la Constitución Política y los Convenios Internacionales. ;;;
38558 - Ejercer derechos fundamentales del trabajo en el marco de la constitución política y los convenios internacionales.;593245 - 02- Valorar la importancia de la ciudadanía laboral con base en el estudio de los derechos humanos y fundamentales en el trabajo. ;;;
38558 - Ejercer derechos fundamentales del trabajo en el marco de la constitución política y los convenios internacionales.;593246 - 04- Participar en acciones solidarias teniendo en cuenta el ejercicio de los derechos humanos, de los pueblos y de la naturaleza. ;;;
38560 - Razonar cuantitativamente frente a situaciones susceptibles de ser abordadas de manera matemática en contextos laborales, sociales y personales.;593255 - 03  RESOLVER PROBLEMAS MATEMÁTICOS A PARTIR DE SITUACIONES GENERADAS EN EL CONTEXTO SOCIAL Y PRODUCTIVO.;;;
38560 - Razonar cuantitativamente frente a situaciones susceptibles de ser abordadas de manera matemática en contextos laborales, sociales y personales.;593256 - 01  IDENTIFICAR MODELOS MATEMÁTICOS DE ACUERDO CON LOS REQUERIMIENTOS DEL PROBLEMA PLANTEADO  EN CONTEXTOS SOCIALES Y PRODUCTIVO.;;;
38560 - Razonar cuantitativamente frente a situaciones susceptibles de ser abordadas de manera matemática en contextos laborales, sociales y personales.;593257 - 04  PROPONER ACCIONES DE MEJORA FRENTE A LOS RESULTADOS DE LOS PROCEDIMIENTOS MATEMÁTICOS DE ACUERDO CON EL PROBLEMA PLANTEADO.;;;
38560 - Razonar cuantitativamente frente a situaciones susceptibles de ser abordadas de manera matemática en contextos laborales, sociales y personales.;593258 - 02  PLANTEAR PROBLEMAS MATEMÁTICOS A PARTIR DE SITUACIONES GENERADAS EN EL CONTEXTO SOCIAL Y PRODUCTIVO.;;;
